counter_id	number	reading	mode	output_unit
nin	1	ひとり	replace	@inherit
nin	2	ふたり	replace	@inherit
sai	20	はたち	add	@inherit
sai_alt	20	はたち	add	@inherit
tsu	1	ひとつ	replace	@inherit
tsu	2	ふたつ	replace	@inherit
tsu	3	みっつ	replace	@inherit
tsu	4	よっつ	replace	@inherit
tsu	5	いつつ	replace	@inherit
tsu	6	むっつ	replace	@inherit
tsu	7	ななつ	replace	@inherit
tsu	8	やっつ	replace	@inherit
tsu	9	ここのつ	replace	@inherit
tsu	10	とお	replace	@empty
day_calendar	1	ついたち	replace	@inherit
day_calendar	2	ふつか	replace	@inherit
day_duration	2	ふつか	add	@inherit
day_interval	2	ふつかかん	add	@inherit
day_calendar	3	みっか	replace	@inherit
day_duration	3	みっか	add	@inherit
day_interval	3	みっかかん	add	@inherit
day_calendar	4	よっか	replace	@inherit
day_duration	4	よっか	add	@inherit
day_interval	4	よっかかん	add	@inherit
day_calendar	5	いつか	replace	@inherit
day_duration	5	いつか	add	@inherit
day_interval	5	いつかかん	add	@inherit
day_calendar	6	むいか	replace	@inherit
day_duration	6	むいか	add	@inherit
day_interval	6	むいかかん	add	@inherit
day_calendar	7	なのか	replace	@inherit
day_duration	7	なのか	add	@inherit
day_interval	7	なのかかん	add	@inherit
day_calendar	8	ようか	replace	@inherit
day_duration	8	ようか	add	@inherit
day_interval	8	ようかかん	add	@inherit
day_calendar	9	ここのか	replace	@inherit
day_duration	9	ここのか	add	@inherit
day_interval	9	ここのかかん	add	@inherit
day_calendar	10	とおか	replace	@inherit
day_duration	10	とおか	add	@inherit
day_interval	10	とおかかん	add	@inherit
day_calendar	14	じゅうよっか	replace	@inherit
day_duration	14	じゅうよっか	add	@inherit
day_interval	14	じゅうよっかかん	add	@inherit
day_calendar	20	はつか	replace	@inherit
day_duration	20	はつか	add	@inherit
day_interval	20	はつかかん	add	@inherit
day_calendar	24	にじゅうよっか	replace	@inherit
day_duration	24	にじゅうよっか	add	@inherit
day_interval	24	にじゅうよっかかん	add	@inherit
kumi	1	ひとくみ	replace	@inherit
kumi	2	ふたくみ	replace	@inherit
sara	1	ひとさら	replace	@inherit
sara	2	ふたさら	replace	@inherit
tsubu	1	ひとつぶ	replace	@inherit
tsubu	2	ふたつぶ	replace	@inherit
fukuro	1	ひとふくろ	replace	@inherit
fukuro	2	ふたふくろ	replace	@inherit
hako	1	ひとはこ	replace	@inherit
hako	2	ふたはこ	replace	@inherit
tsutsumi	1	ひとつつみ	replace	@inherit
tsutsumi	2	ふたつつみ	replace	@inherit
kire	1	ひときれ	replace	@inherit
kire	2	ふたきれ	replace	@inherit
tama	1	ひとたま	replace	@inherit
tama	2	ふたたま	replace	@inherit
kabu	1	ひとかぶ	replace	@inherit
kabu	2	ふたかぶ	replace	@inherit
taba	1	ひとたば	replace	@inherit
taba	2	ふたたば	replace	@inherit
sao	1	ひとさお	replace	@inherit
sao	2	ふたさお	replace	@inherit
furi	1	ひとふり	replace	@inherit
furi	2	ふたふり	replace	@inherit
