reading	value	kind	place
ぜろ	0	zero	0
れい	0	zero	0
いち	1	part	1
に	2	part	1
さん	3	part	1
よん	4	part	1
ご	5	part	1
ろく	6	part	1
なな	7	part	1
はち	8	part	1
きゅう	9	part	1
しち	7	part	1
じゅう	10	part	10
にじゅう	20	part	10
さんじゅう	30	part	10
よんじゅう	40	part	10
ごじゅう	50	part	10
ろくじゅう	60	part	10
ななじゅう	70	part	10
はちじゅう	80	part	10
きゅうじゅう	90	part	10
しちじゅう	70	part	10
ひゃく	100	part	100
にひゃく	200	part	100
さんびゃく	300	part	100
よんひゃく	400	part	100
ごひゃく	500	part	100
ろっぴゃく	600	part	100
ななひゃく	700	part	100
はっぴゃく	800	part	100
きゅうひゃく	900	part	100
せん	1000	part	1000
にせん	2000	part	1000
さんぜん	3000	part	1000
よんせん	4000	part	1000
ごせん	5000	part	1000
ろくせん	6000	part	1000
ななせん	7000	part	1000
はっせん	8000	part	1000
きゅうせん	9000	part	1000
いっせん	1000	part	1000
まん	10000	scale	10000
おく	100000000	scale	100000000
ちょう	1000000000000	scale	1000000000000
けい	10000000000000000	scale	10000000000000000
いっ	1	before_scale	1
はっ	8	before_scale	1
ろっ	6	before_k_scale	1
じゅっ	10	before_scale	10
じっ	10	before_scale	10
にじゅっ	20	before_scale	10
にじっ	20	before_scale	10
さんじゅっ	30	before_scale	10
さんじっ	30	before_scale	10
よんじゅっ	40	before_scale	10
よんじっ	40	before_scale	10
ごじゅっ	50	before_scale	10
ごじっ	50	before_scale	10
ろくじゅっ	60	before_scale	10
ろくじっ	60	before_scale	10
ななじゅっ	70	before_scale	10
ななじっ	70	before_scale	10
はちじゅっ	80	before_scale	10
はちじっ	80	before_scale	10
きゅうじゅっ	90	before_scale	10
きゅうじっ	90	before_scale	10
ひゃっ	100	before_k_scale	100
にひゃっ	200	before_k_scale	100
さんびゃっ	300	before_k_scale	100
よんひゃっ	400	before_k_scale	100
ごひゃっ	500	before_k_scale	100
ろっぴゃっ	600	before_k_scale	100
ななひゃっ	700	before_k_scale	100
はっぴゃっ	800	before_k_scale	100
きゅうひゃっ	900	before_k_scale	100
