profile	terminal	spoken_tail	restored_tail	suffix_form	mode
K	1	いっ	いち	plain	replace
K	6	ろっ	ろく	plain	replace
K	8	はっ	はち	plain	replace
K	10	じゅっ	じゅう	plain	replace
K	10	じっ	じゅう	plain	replace
K	100	ひゃっ	ひゃく	plain	replace
K	100	びゃっ	びゃく	plain	replace
K	100	ぴゃっ	ぴゃく	plain	replace
S	1	いっ	いち	plain	replace
S	8	はっ	はち	plain	replace
S	10	じゅっ	じゅう	plain	replace
S	10	じっ	じゅう	plain	replace
T	1	いっ	いち	plain	replace
T	8	はっ	はち	plain	replace
T	10	じゅっ	じゅう	plain	replace
T	10	じっ	じゅう	plain	replace
H_P_B	1	いっ	いち	semi	replace
H_P_B	6	ろっ	ろく	semi	replace
H_P_B	8	はっ	はち	semi	replace
H_P_B	10	じゅっ	じゅう	semi	replace
H_P_B	10	じっ	じゅう	semi	replace
H_P_B	100	ひゃっ	ひゃく	semi	replace
H_P_B	100	びゃっ	びゃく	semi	replace
H_P_B	100	ぴゃっ	ぴゃく	semi	replace
H_P_B	3	さん	さん	voiced	replace
H_P_B	1000	せん	せん	voiced	replace
H_P_B	1000	ぜん	ぜん	voiced	replace
H_P	1	いっ	いち	semi	replace
H_P	6	ろっ	ろく	semi	replace
H_P	8	はっ	はち	semi	replace
H_P	10	じゅっ	じゅう	semi	replace
H_P	10	じっ	じゅう	semi	replace
H_P	100	ひゃっ	ひゃく	semi	replace
H_P	100	びゃっ	びゃく	semi	replace
H_P	100	ぴゃっ	ぴゃく	semi	replace
H_P	3	さん	さん	semi	replace
H_P	1000	せん	せん	semi	replace
H_P	1000	ぜん	ぜん	semi	replace
MINUTE	1	いっ	いち	semi	replace
MINUTE	6	ろっ	ろく	semi	replace
MINUTE	8	はっ	はち	semi	replace
MINUTE	10	じゅっ	じゅう	semi	replace
MINUTE	10	じっ	じゅう	semi	replace
MINUTE	100	ひゃっ	ひゃく	semi	replace
MINUTE	100	びゃっ	びゃく	semi	replace
MINUTE	100	ぴゃっ	ぴゃく	semi	replace
MINUTE	3	さん	さん	semi	replace
MINUTE	4	よん	よん	semi	replace
MINUTE	1000	せん	せん	semi	replace
MINUTE	1000	ぜん	ぜん	semi	replace
K	8	はち	はち	plain	add
S	8	はち	はち	plain	add
T	8	はち	はち	plain	add
H_P_B	8	はち	はち	plain	add
H_P	8	はち	はち	plain	add
MINUTE	8	はち	はち	plain	add
FLOOR	1	いっ	いち	plain	replace
FLOOR	6	ろっ	ろく	plain	replace
FLOOR	8	はっ	はち	plain	replace
FLOOR	10	じゅっ	じゅう	plain	replace
FLOOR	10	じっ	じゅう	plain	replace
FLOOR	100	ひゃっ	ひゃく	plain	replace
FLOOR	100	びゃっ	びゃく	plain	replace
FLOOR	100	ぴゃっ	ぴゃく	plain	replace
FLOOR	3	さん	さん	voiced	replace
FLOOR	3	さん	さん	plain	add
FLOOR	1000	せん	せん	voiced	replace
FLOOR	1000	ぜん	ぜん	voiced	replace
HOUSE	1	いっ	いち	plain	replace
HOUSE	6	ろっ	ろく	plain	replace
HOUSE	8	はっ	はち	plain	replace
HOUSE	10	じゅっ	じゅう	plain	replace
HOUSE	10	じっ	じゅう	plain	replace
HOUSE	100	ひゃっ	ひゃく	plain	replace
HOUSE	100	びゃっ	びゃく	plain	replace
HOUSE	100	ぴゃっ	ぴゃく	plain	replace
HOUSE	3	さん	さん	voiced	replace
HOUSE	3	さん	さん	plain	add
HOUSE	1000	せん	せん	voiced	replace
HOUSE	1000	ぜん	ぜん	voiced	replace
PERSON	4	よ	よん	plain	replace
YEAR	4	よ	よん	plain	replace
YEAR	4	よん	よん	plain	add
CLOCK	4	よ	よん	plain	replace
CLOCK	7	しち	しち	plain	replace
CLOCK	9	く	きゅう	plain	replace
MONTH	4	し	よん	plain	replace
MONTH	7	しち	しち	plain	replace
MONTH	9	く	きゅう	plain	replace
CLOCK	0	れい	れい	plain	replace
CLOCK_DURATION	4	よ	よん	plain	replace
CLOCK_DURATION	7	しち	しち	plain	replace
CLOCK_DURATION	9	く	きゅう	plain	replace
CLOCK_DURATION	0	れい	れい	plain	add
CLOCK_DURATION	7	なな	なな	plain	add
CLOCK_DURATION	9	きゅう	きゅう	plain	add
CLOCK_DURATION	4	よん	よん	plain	add
H_P_B	10000	まん	まん	voiced	add
H_P	10000	まん	まん	semi	add
MINUTE	10000	まん	まん	semi	add
K_LOAN	1	いっ	いち	plain	add
K_LOAN	6	ろっ	ろく	plain	add
K_LOAN	8	はっ	はち	plain	add
K_LOAN	10	じゅっ	じゅう	plain	add
K_LOAN	10	じっ	じゅう	plain	add
K_LOAN	100	ひゃっ	ひゃく	plain	add
K_LOAN	100	びゃっ	びゃく	plain	add
K_LOAN	100	ぴゃっ	ぴゃく	plain	add
S_LOAN	1	いっ	いち	plain	add
S_LOAN	8	はっ	はち	plain	add
S_LOAN	10	じゅっ	じゅう	plain	add
S_LOAN	10	じっ	じゅう	plain	add
T_LOAN	1	いっ	いち	plain	add
T_LOAN	8	はっ	はち	plain	add
T_LOAN	10	じゅっ	じゅう	plain	add
T_LOAN	10	じっ	じゅう	plain	add
P_LOAN	1	いっ	いち	plain	add
P_LOAN	6	ろっ	ろく	plain	add
P_LOAN	8	はっ	はち	plain	add
P_LOAN	10	じゅっ	じゅう	plain	add
P_LOAN	10	じっ	じゅう	plain	add
P_LOAN	100	ひゃっ	ひゃく	plain	add
P_LOAN	100	びゃっ	びゃく	plain	add
P_LOAN	100	ぴゃっ	ぴゃく	plain	add
P_LOAN	8	はち	はち	plain	add
