reading	surface	categories	evidence
ぱいそん	Python	technical	https://www.python.jp/pages/about.html
じゃば	Java	technical	https://www.java.com/ja/download/help/whatis_java.html
じゃゔぁ	Java	technical	https://www.java.com/ja/download/help/whatis_java.html
あまぞんうぇぶさーびす	AWS	product	https://aws.amazon.com/jp/what-is-aws/
つうきんらっしゅ	通勤ラッシュ	general	https://www.wikidata.org/wiki/Q868252
かじょうしょうひ	過剰消費	general	https://www.wikidata.org/wiki/Q3174091
あかさかびずたわー	赤坂Bizタワー	facility	https://www.wikidata.org/wiki/Q5364168
しぶやすくらんぶるすくえあ	渋谷スクランブルスクエア	facility	https://www.shibuya-scramble-square.com/
あかさかとらすとたわー	赤坂トラストタワー	facility	https://www.mori-trust.co.jp/news/2022/20220512/
