source	reading	surface	action	output_reading	output_surface	categories	evidence
person	いとうもももも	伊藤桃々	exclude	-	-	-	https://styolo0307.official.ec/items/107402270
common	えんてつほーる	えんてつホール	include	えんてつほーる	えんてつホール	facility	https://hall.entetsu.co.jp/facility/
neologd	あんぜんほしょうかいぎ	安全保障会議	include	あんぜんほしょうかいぎ	安全保障会議	organization	https://www.edrdg.org/jmdict/edict_doc.html#entry-1980260-sense-1
neologd	かかおまめ	カカオ豆	include	かかおまめ	カカオ豆	food	https://www.edrdg.org/jmdict/edict_doc.html#entry-2700090-sense-1
neologd	なんぼくあめりか	南北アメリカ	include	なんぼくあめりか	南北アメリカ	place	https://www.edrdg.org/jmdict/edict_doc.html#entry-2858620-sense-1
common	ぎんくましょう	銀熊賞	include	ぎんくましょう	銀熊賞	event	https://www.edrdg.org/jmdict/edict_doc.html#entry-2864366-sense-1
common	ろんりごうせい	論理合成	include	ろんりごうせい	論理合成	technical	https://www.edrdg.org/jmdict/edict_doc.html#entry-2394390-sense-1
neologd	らいごうじえき	来迎寺駅	exclude	-	-	-	https://timetables.jreast.co.jp/timetable/list1656.html
person	かまたありさ	鎌田安里紗	exclude	-	-	-	https://platinumproduction.jp/talent/kamadaarisa/
